Workbook

Sheet A1(a)
C1: Staff
A2: Task | B2: Task Name | C2: Yousouf | D2: Jared | E2: Zuhayr | F2: Sacha
A3: T1 | B3: Write social media posts highlighting menu items | C3: 1 | D3: 5 | E3: 5 | F3: 2
A4: T2 | B4: Design Instagram and Facebook promotional graphics | C4: 5 | D4: 2 | E4: 2 | F4: 4
A5: T3 | B5: Film a restaurant tour / promotional video | C5: 5 | D5: 2 | E5: 3 | F5: 4
A6: T4 | B6: Edit and produce the promotional video | C6: 2 | D6: 1 | E6: 4 | F6: 5
A7: T5 | B7: Write a blog post about the chef and restaurant story | C7: 2 | D7: 1 | E7: 3 | F7: 4
A8: T6 | B8: Create an email newsletter for the marketing campaign | C8: 5 | D8: 4 | E8: 2 | F8: 2
A9: T7 | B9: Photograph menu items for digital platforms | C9: 1 | D9: 5 | E9: 5 | F9: 4
A10: T8 | B10: Write online food advertisement copy (Google / blogs) | C10: 4 | D10: 1 | E10: 2 | F10: 1
C13: Staff
A14: Task | B14: Task Name | C14: Yousouf | D14: Jared | E14: Zuhayr | F14: Sacha | G14: Staff Assigned | H14: Required Staff
A15: T1 | B15: Write social media posts highlighting menu items | C15: 1 | D15: 0 | E15: 0 | F15: 0 | G15: =SUM(C15:F15) -> 1 | H15: 1
A16: T2 | B16: Design Instagram and Facebook promotional graphics | C16: 0 | D16: 0 | E16: 1 | F16: 0 | G16: =SUM(C16:F16) -> 1 | H16: 1
A17: T3 | B17: Film a restaurant tour / promotional video | C17: 0 | D17: 0 | E17: 1 | F17: 0 | G17: =SUM(C17:F17) -> 1 | H17: 1
A18: T4 | B18: Edit and produce the promotional video | C18: 0 | D18: 1 | E18: 0 | F18: 0 | G18: =SUM(C18:F18) -> 1 | H18: 1
A19: T5 | B19: Write a blog post about the chef and restaurant story | C19: 0 | D19: 1 | E19: 0 | F19: 0 | G19: =SUM(C19:F19) -> 1 | H19: 1
A20: T6 | B20: Create an email newsletter for the marketing campaign | C20: 0 | D20: 0 | E20: 0 | F20: 1 | G20: =SUM(C20:F20) -> 1 | H20: 1
A21: T7 | B21: Photograph menu items for digital platforms | C21: 1 | D21: 0 | E21: 0 | F21: 0 | G21: =SUM(C21:F21) -> 1 | H21: 1
A22: T8 | B22: Write online food advertisement copy (Google / blogs) | C22: 0 | D22: 0 | E22: 0 | F22: 1 | G22: =SUM(C22:F22) -> 1 | H22: 1
B23: Number of Tasks Assigned | C23: =SUM(C15:C22) -> 2 | D23: =SUM(D15:D22) -> 2 | E23: =SUM(E15:E22) -> 2 | F23: =SUM(F15:F22) -> 2
B24: Maximum Tasks Allowed | C24: 2 | D24: 2 | E24: 2 | F24: 2
B25: Total Time (Days) | C25: =SUMPRODUCT(C3:C10,C15:C22) -> 2 | D25: =SUMPRODUCT(D3:D10,D15:D22) -> 2 | E25: =SUMPRODUCT(E3:E10,E15:E22) -> 5 | F25: =SUMPRODUCT(F3:F10,F15:F22) -> 3
B26: Maximum Days Allowed | C26: 8 | D26: 10 | E26: 11 | F26: 7
B30: Objective Function | C30: =SUMPRODUCT(C3:F10,C15:F22) -> 12

Sheet A1(b)
A1: Year | B1: Annual Return for Each Menu Items (in %) | H1: Item A | I1: Item B | J1: Item C | K1: Item D
B2: Item A | C2: Item B | D2: Item C | E2: Item D | G2: Item A | H2: =VARP('A1(b)'!$B$3:$B$12) -> 6.063796
A3: 1 | B3: 5.01 | C3: 8.03 | D3: 6.12 | E3: 8.31 | G3: Item B | H3: 6.3436 | I3: =VARP('A1(b)'!$C$3:$C$12) -> 9.20854
A4: 2 | B4: 5.35 | C4: 3.31 | D4: 6.41 | E4: 4.97 | G4: Item C | H4: 6.147278 | I4: 7.11878 | J4: =VARP('A1(b)'!$D$3:$D$12) -> 7.193049
A5: 3 | B5: 3.12 | C5: 2.11 | D5: 4.03 | E5: 1.05 | G5: Item D | H5: 5.394148 | I5: 8.36329 | J5: 6.046139 | K5: =VARP('A1(b)'!$E$3:$E$12) -> 9.372389
A6: 4 | B6: 8.04 | C6: 6.67 | D6: 8.03 | E6: 7.55
A7: 5 | B7: 1.67 | C7: 1 | D7: 2.03 | E7: 2.12 | G7: A,B | H7: 6.3436 | I7: =B17*C17 -> 0
A8: 6 | B8: -0.2 | C8: 0.44 | D8: -0.12 | E8: 3.33 | G8: A,C | H8: 6.147278 | I8: =B17*D17 -> 0
A9: 7 | B9: 4.7 | C9: 3.06 | D9: 3.22 | E9: 2.12 | G9: A,D | H9: 5.394148 | I9: =B17*E17 -> 0.12331791
A10: 8 | B10: 1.21 | C10: -0.06 | D10: 2.88 | E10: -1.02 | G10: B,C | H10: =I4 -> 7.11878 | I10: =C17*D17 -> 0
A11: 9 | B11: 7.03 | C11: 9.1 | D11: 9.11 | E11: 8.05 | G11: B,D | H11: =I5 -> 8.36329 | I11: =C17*E17 -> 0
A12: 10 | B12: 3.55 | C12: 4.24 | D12: 5.08 | E12: 6.11 | G12: C,D | H12: =J5 -> 6.046139 | I12: =D17*E17 -> 0
A13: Expected Return | B13: =AVERAGE(B3:B12) -> 3.948 | C13: =AVERAGE(C3:C12) -> 3.79 | D13: =AVERAGE(D3:D12) -> 4.679 | E13: =AVERAGE(E3:E12) -> 4.259
B15: Investment Weights (Decision Variables) | I15: Model Constraints
B16: A | C16: B | D16: C | E16: D | G16: Total Weight | I16: =SUM(B17:E17) -> 1 | J16: 1
A17: Optimal Allocation | B17: 0.85592427 | C17: 0 | D17: 0 | E17: 0.14407573 | G17: Minimum Expected Return | I17: =SUMPRODUCT(B13:E13,B17:E17) -> 3.9928076 | J17: 3.5
A20: Portfolio Risk | B20: =H2*B17^2+I3*C17^2+J4*D17^2+K5*E17^2+2*SUMPRODUCT(H7:H12,I7:I12) -> 5.967316 | I20: Lower | J20: Upper
G21: 95% Confidence Interval | I21: =I17-1.96*SQRT(B20) -> -0.79509815 | J21: =I17+1.96*SQRT(B20) -> 8.7807133

Sheet A3(a)
A1: Activity ID | B1: Activity Description | C1: Immediate Predecessor(s) | D1: Optimistic (a) | E1: Most Probable (m) | F1: Pessimistic (b)
A2: A | B2: Finalise seasonal menu | C2: – | D2: 2 | E2: 3 | F2: 5
A3: B | B3: Order ingredients | C3: A | D3: 1 | E3: 2 | F3: 4
A4: C | B4: Design marketing materials | C4: A | D4: 2 | E4: 4 | F4: 6
A5: D | B5: Promote event | C5: C | D5: 2 | E5: 3 | F5: 5
A6: E | B6: Arrange tables and decorations | C6: B | D6: 1 | E6: 2 | F6: 3
A7: F | B7: Final setup and rehearsal | C7: D, E | D7: 1 | E7: 2 | F7: 4

Sheet B1(a1)
G1: 3 Hour Shift
A2: Time | B2: FT1 | C2: FT2 | D2: FT3 | E2: FT4 | F2: FT5 | G2: PT1 | H2: PT2 | I2: PT3 | J2: PT4 | K2: PT5 | L2: PT6 | M2: PT7 | N2: PT8 | O2: PT9 | P2: PT10 | Q2: FT Staff | R2: PT Staff | S2: Total Staff Assigned | U2: Total Required Staff
A3: 10-11am | B3: 1 | G3: 1 | Q3: =SUMPRODUCT(B3:F3,$B$16:$F$16) -> 2 | R3: =SUMPRODUCT(G3:P3,$G$16:$P$16) -> 1 | S3: =SUMPRODUCT(B3:P3,$B$16:$P$16) -> 3 | T3: ≥ | U3: 3
A4: 11-12am | B4: 1 | C4: 1 | G4: 1 | H4: 1 | Q4: =SUMPRODUCT(B4:F4,$B$16:$F$16) -> 2 | R4: =SUMPRODUCT(G4:P4,$G$16:$P$16) -> 1 | S4: =SUMPRODUCT(B4:P4,$B$16:$P$16) -> 3 | T4: ≥ | U4: 3
A5: 12-1pm | B5: 1 | C5: 1 | D5: 1 | G5: 1 | H5: 1 | I5: 1 | Q5: =SUMPRODUCT(B5:F5,$B$16:$F$16) -> 3 | R5: =SUMPRODUCT(G5:P5,$G$16:$P$16) -> 2 | S5: =SUMPRODUCT(B5:P5,$B$16:$P$16) -> 5 | T5: ≥ | U5: 5
A6: 1-2pm | B6: 1 | C6: 1 | D6: 1 | E6: 1 | H6: 1 | I6: 1 | J6: 1 | Q6: =SUMPRODUCT(B6:F6,$B$16:$F$16) -> 4 | R6: =SUMPRODUCT(G6:P6,$G$16:$P$16) -> 1 | S6: =SUMPRODUCT(B6:P6,$B$16:$P$16) -> 5 | T6: ≥ | U6: 5
A7: 2-3pm | C7: 1 | D7: 1 | E7: 1 | F7: 1 | I7: 1 | J7: 1 | K7: 1 | Q7: =SUMPRODUCT(B7:F7,$B$16:$F$16) -> 4 | R7: =SUMPRODUCT(G7:P7,$G$16:$P$16) -> 1 | S7: =SUMPRODUCT(B7:P7,$B$16:$P$16) -> 5 | T7: ≥ | U7: 5
A8: 3-4pm | B8: 1 | D8: 1 | E8: 1 | F8: 1 | J8: 1 | K8: 1 | L8: 1 | Q8: =SUMPRODUCT(B8:F8,$B$16:$F$16) -> 6 | R8: =SUMPRODUCT(G8:P8,$G$16:$P$16) -> 0 | S8: =SUMPRODUCT(B8:P8,$B$16:$P$16) -> 6 | T8: ≥ | U8: 3
A9: 4-5pm | B9: 1 | C9: 1 | E9: 1 | F9: 1 | K9: 1 | L9: 1 | M9: 1 | Q9: =SUMPRODUCT(B9:F9,$B$16:$F$16) -> 5 | R9: =SUMPRODUCT(G9:P9,$G$16:$P$16) -> 0 | S9: =SUMPRODUCT(B9:P9,$B$16:$P$16) -> 5 | T9: ≥ | U9: 3
A10: 5-6pm | B10: 1 | C10: 1 | D10: 1 | F10: 1 | L10: 1 | M10: 1 | N10: 1 | Q10: =SUMPRODUCT(B10:F10,$B$16:$F$16) -> 5 | R10: =SUMPRODUCT(G10:P10,$G$16:$P$16) -> 0 | S10: =SUMPRODUCT(B10:P10,$B$16:$P$16) -> 5 | T10: ≥ | U10: 3
A11: 6-7pm | C11: 1 | D11: 1 | E11: 1 | M11: 1 | N11: 1 | O11: 1 | Q11: =SUMPRODUCT(B11:F11,$B$16:$F$16) -> 2 | R11: =SUMPRODUCT(G11:P11,$G$16:$P$16) -> 1 | S11: =SUMPRODUCT(B11:P11,$B$16:$P$16) -> 3 | T11: ≥ | U11: 3
A12: 7-8pm | D12: 1 | E12: 1 | F12: 1 | N12: 1 | O12: 1 | P12: 1 | Q12: =SUMPRODUCT(B12:F12,$B$16:$F$16) -> 4 | R12: =SUMPRODUCT(G12:P12,$G$16:$P$16) -> 2 | S12: =SUMPRODUCT(B12:P12,$B$16:$P$16) -> 6 | T12: ≥ | U12: 3
A13: 8-9pm | E13: 1 | F13: 1 | O13: 1 | P13: 1 | Q13: =SUMPRODUCT(B13:F13,$B$16:$F$16) -> 3 | R13: =SUMPRODUCT(G13:P13,$G$16:$P$16) -> 2 | S13: =SUMPRODUCT(B13:P13,$B$16:$P$16) -> 5 | T13: ≥ | U13: 3
A14: 9-10pm | F14: 1 | P14: 1 | Q14: =SUMPRODUCT(B14:F14,$B$16:$F$16) -> 2 | R14: =SUMPRODUCT(G14:P14,$G$16:$P$16) -> 1 | S14: =SUMPRODUCT(B14:P14,$B$16:$P$16) -> 3 | T14: ≥ | U14: 3
A16: Solution | B16: 2 | C16: 0 | D16: 1 | E16: 1 | F16: 2 | G16: 1 | H16: 0 | I16: 1 | J16: 0 | K16: 0 | L16: 0 | M16: 0 | N16: 0 | O16: 1 | P16: 1
A18: Cost | B18: =(40*7)*SUM(B16:F16)+(25*3)*SUM(G16:P16) -> 1980
A20: Additional Requirements
A21: Total of FT | B21: =SUM($B$16:$F$16) -> 6 | C21: ≥ | D21: 4
A22: Total of FT | B22: =SUM($B$16:$F$16) -> 6 | C22: ≤ | D22: 10
A23: Total of PT | B23: =SUM(G16:P16) -> 4 | C23: ≤ | D23: 10

Sheet B1(a2)
G1: 4 Hour Shift
A2: Time | B2: FT1 | C2: FT2 | D2: FT3 | E2: FT4 | F2: FT5 | G2: PT1 | H2: PT2 | I2: PT3 | J2: PT4 | K2: PT5 | L2: PT6 | M2: PT7 | N2: PT8 | O2: PT9 | P2: FT Staff | Q2: PT Staff | R2: Total Staff Assigned | T2: Total Required Staff
A3: 10-11am | B3: 1 | G3: 1 | P3: =SUMPRODUCT(B3:F3,$B$16:$F$16) -> 2 | Q3: =SUMPRODUCT(G3:O3,$G$16:$O$16) -> 1 | R3: =SUMPRODUCT(B3:O3,$B$16:$O$16) -> 3 | S3: ≥ | T3: 3
A4: 11-12am | B4: 1 | C4: 1 | G4: 1 | H4: 1 | P4: =SUMPRODUCT(B4:F4,$B$16:$F$16) -> 3 | Q4: =SUMPRODUCT(G4:O4,$G$16:$O$16) -> 2 | R4: =SUMPRODUCT(B4:O4,$B$16:$O$16) -> 5 | S4: ≥ | T4: 3
A5: 12-1pm | B5: 1 | C5: 1 | D5: 1 | G5: 1 | H5: 1 | I5: 1 | P5: =SUMPRODUCT(B5:F5,$B$16:$F$16) -> 3 | Q5: =SUMPRODUCT(G5:O5,$G$16:$O$16) -> 2 | R5: =SUMPRODUCT(B5:O5,$B$16:$O$16) -> 5 | S5: ≥ | T5: 5
A6: 1-2pm | B6: 1 | C6: 1 | D6: 1 | E6: 1 | G6: 1 | H6: 1 | I6: 1 | J6: 1 | P6: =SUMPRODUCT(B6:F6,$B$16:$F$16) -> 4 | Q6: =SUMPRODUCT(G6:O6,$G$16:$O$16) -> 2 | R6: =SUMPRODUCT(B6:O6,$B$16:$O$16) -> 6 | S6: ≥ | T6: 5
A7: 2-3pm | C7: 1 | D7: 1 | E7: 1 | F7: 1 | H7: 1 | I7: 1 | J7: 1 | K7: 1 | P7: =SUMPRODUCT(B7:F7,$B$16:$F$16) -> 4 | Q7: =SUMPRODUCT(G7:O7,$G$16:$O$16) -> 1 | R7: =SUMPRODUCT(B7:O7,$B$16:$O$16) -> 5 | S7: ≥ | T7: 5
A8: 3-4pm | B8: 1 | D8: 1 | E8: 1 | F8: 1 | I8: 1 | J8: 1 | K8: 1 | L8: 1 | P8: =SUMPRODUCT(B8:F8,$B$16:$F$16) -> 5 | Q8: =SUMPRODUCT(G8:O8,$G$16:$O$16) -> 0 | R8: =SUMPRODUCT(B8:O8,$B$16:$O$16) -> 5 | S8: ≥ | T8: 3
A9: 4-5pm | B9: 1 | C9: 1 | E9: 1 | F9: 1 | J9: 1 | K9: 1 | L9: 1 | M9: 1 | P9: =SUMPRODUCT(B9:F9,$B$16:$F$16) -> 6 | Q9: =SUMPRODUCT(G9:O9,$G$16:$O$16) -> 0 | R9: =SUMPRODUCT(B9:O9,$B$16:$O$16) -> 6 | S9: ≥ | T9: 3
A10: 5-6pm | B10: 1 | C10: 1 | D10: 1 | F10: 1 | K10: 1 | L10: 1 | M10: 1 | N10: 1 | P10: =SUMPRODUCT(B10:F10,$B$16:$F$16) -> 5 | Q10: =SUMPRODUCT(G10:O10,$G$16:$O$16) -> 0 | R10: =SUMPRODUCT(B10:O10,$B$16:$O$16) -> 5 | S10: ≥ | T10: 3
A11: 6-7pm | C11: 1 | D11: 1 | E11: 1 | L11: 1 | M11: 1 | N11: 1 | O11: 1 | P11: =SUMPRODUCT(B11:F11,$B$16:$F$16) -> 2 | Q11: =SUMPRODUCT(G11:O11,$G$16:$O$16) -> 1 | R11: =SUMPRODUCT(B11:O11,$B$16:$O$16) -> 3 | S11: ≥ | T11: 3
A12: 7-8pm | D12: 1 | E12: 1 | F12: 1 | M12: 1 | N12: 1 | O12: 1 | P12: =SUMPRODUCT(B12:F12,$B$16:$F$16) -> 3 | Q12: =SUMPRODUCT(G12:O12,$G$16:$O$16) -> 1 | R12: =SUMPRODUCT(B12:O12,$B$16:$O$16) -> 4 | S12: ≥ | T12: 3
A13: 8-9pm | E13: 1 | F13: 1 | N13: 1 | O13: 1 | P13: =SUMPRODUCT(B13:F13,$B$16:$F$16) -> 3 | Q13: =SUMPRODUCT(G13:O13,$G$16:$O$16) -> 1 | R13: =SUMPRODUCT(B13:O13,$B$16:$O$16) -> 4 | S13: ≥ | T13: 3
A14: 9-10pm | F14: 1 | O14: 1 | P14: =SUMPRODUCT(B14:F14,$B$16:$F$16) -> 2 | Q14: =SUMPRODUCT(G14:O14,$G$16:$O$16) -> 1 | R14: =SUMPRODUCT(B14:O14,$B$16:$O$16) -> 3 | S14: ≥ | T14: 3
A16: Solution | B16: 2 | C16: 1 | D16: 0 | E16: 1 | F16: 2 | G16: 1 | H16: 1 | I16: 0 | J16: 0 | K16: 0 | L16: 0 | M16: 0 | N16: 0 | O16: 1
A18: Cost | B18: =(40*7)*SUM(B16:F16)+(25*4)*SUM(G16:O16) -> 1980
A20: Additional Requirements
A21: Total of FT | B21: =SUM('B1(a1)'!$B$16:$F$16) -> 6 | C21: ≥ | D21: 4
A22: Total of FT | B22: =SUM('B1(a1)'!$B$16:$F$16) -> 6 | C22: ≤ | D22: 10
A23: Total of PT | B23: =SUM(G16:P16) -> 3 | C23: ≤ | D23: 10

Sheet B3
A1: Customer ID | B1: Arrival Time | C1: Service Start | D1: Service End | E1: Interarrival Time (min) | F1: Service Time (min)
A2: 1 | B2: 45995.781 | C2: 45995.781 | D2: 45995.783 | F2: =D2-C2 -> 0.0020833333
A3: 2 | B3: 45995.782 | C3: 45995.783 | D3: 45995.786 | E3: =(B3-B2) -> 0.00069444445 | F3: =D3-C3 -> 0.0027777778 | I3: Minimum | J3: =MIN(E:E) -> 0
A4: 6 | B4: 45995.785 | C4: 45995.785 | D4: 45995.793 | E4: =(B4-B3) -> 0.0027777778 | F4: =D4-C4 -> 0.0076388889 | I4: Maximum | J4: =MAX(E:E) -> 0.015972222
A5: 3 | B5: 45995.785 | C5: 45995.787 | D5: 45995.792 | E5: =(B5-B4) -> 0.00069444445 | F5: =D5-C5 -> 0.0048611111 | I5: Mean | J5: =AVERAGE(F2:F31) -> 0.0035185185
A6: 4 | B6: 45995.786 | C6: 45995.789 | D6: 45995.792 | E6: =(B6-B5) -> 0.00069444445 | F6: =D6-C6 -> 0.0027777778 | I6: Standard Deviation | J6: =_xlfn.STDEV.S(F2:F31) -> 0.0015141474
A7: 5 | B7: 45995.79 | C7: 45995.79 | D7: 45995.794 | E7: =(B7-B6) -> 0.0041666667 | F7: =D7-C7 -> 0.0034722222
A8: 7 | B8: 45995.801 | C8: 45995.801 | D8: 45995.802 | E8: =(B8-B7) -> 0.010416667 | F8: =D8-C8 -> 0.0013888889
A9: 8 | B9: 45995.803 | C9: 45995.803 | D9: 45995.803 | E9: =(B9-B8) -> 0.0020833333 | F9: =D9-C9 -> 0.00069444445
A10: 9 | B10: 45995.806 | C10: 45995.806 | D10: 45995.808 | E10: =(B10-B9) -> 0.0027777778 | F10: =D10-C10 -> 0.0020833333
A11: 10 | B11: 45995.806 | C11: 45995.806 | D11: 45995.808 | E11: =(B11-B10) -> 0.00069444445 | F11: =D11-C11 -> 0.0020833333
A12: 11 | B12: 45995.806 | C12: 45995.806 | D12: 45995.808 | E12: =(B12-B11) -> 0 | F12: =D12-C12 -> 0.0020833333
A13: 12 | B13: 45995.81 | C13: 45995.81 | D13: 45995.813 | E13: =(B13-B12) -> 0.0041666667 | F13: =D13-C13 -> 0.0027777778
A14: 13 | B14: 45995.813 | C14: 45995.813 | D14: 45995.816 | E14: =(B14-B13) -> 0.0027777778 | F14: =D14-C14 -> 0.0027777778
A15: 14 | B15: 45995.827 | C15: 45995.827 | D15: 45995.833 | E15: =(B15-B14) -> 0.013888889 | F15: =D15-C15 -> 0.00625
A16: 15 | B16: 45995.829 | C16: 45995.829 | D16: 45995.833 | E16: =(B16-B15) -> 0.0020833333 | F16: =D16-C16 -> 0.0034722222
A17: 16 | B17: 45995.83 | C17: 45995.83 | D17: 45995.834 | E17: =(B17-B16) -> 0.00069444444 | F17: =D17-C17 -> 0.0041666667
A18: 17 | B18: 45995.833 | C18: 45995.833 | D18: 45995.836 | E18: =(B18-B17) -> 0.0027777778 | F18: =D18-C18 -> 0.0034722222
... A31: 30 | B31: 45995.892 | C31: 45995.892 | D31: 45995.895 | E31: =(B31-B30) -> 0.00069444445 | F31: =D31-C31 -> 0.0034722222

Sheet Sheet7
A1: Interarrival Time (Uniform Distribution) | G1: Customer | H1: Interarrival Time | I1: Arrival Time | J1: Service Start | K1: Service Time | L1: Service Ends | M1: WaitingTime | N1: Total Time
A2: Smallest | B2: ='B3'!J3 -> 0 | G2: 1 | H2: =$B$2+RAND()*($B$3-$B$2) -> 0.0096528693 | I2: =$B$22+H2 -> 0.5929862 | J2: =I2 -> 0.5929862 | K2: =_xlfn.NORM.INV(RAND(),$C$7,$C$8) -> 0.0053412127 | L2: =J2+K2 -> 0.59832742 | N2: =L2-I2 -> 0.0053412127
A3: Largest | B3: ='B3'!J4 -> 0.015972222 | G3: 2 | H3: =$B$2+RAND()*($B$3-$B$2) -> 0.0070989496 | I3: =I2+H3 -> 0.60008515 | J3: =IF(I3>L2,I3,L2) -> 0.60008515 | K3: =_xlfn.NORM.INV(RAND(),$C$7,$C$8) -> 0.0048546623 | L3: =J3+K3 -> 0.60493981 | M3: =J3-I3 -> 0 | N3: =L3-I3 -> 0.0048546623
G4: 3 | H4: =$B$2+RAND()*($B$3-$B$2) -> 0.011560411 | I4: =I3+H4 -> 0.61164556 | J4: =IF(I4>L3,I4,L3) -> 0.61164556 | K4: =_xlfn.NORM.INV(RAND(),$C$7,$C$8) -> 0.0036007762 | L4: =J4+K4 -> 0.61524634 | M4: =J4-I4 -> 0 | N4: =L4-I4 -> 0.0036007762
G5: 4 | H5: =$B$2+RAND()*($B$3-$B$2) -> 0.0044940749 | I5: =I4+H5 -> 0.61613964 | J5: =IF(I5>L4,I5,L4) -> 0.61613964 | K5: =_xlfn.NORM.INV(RAND(),$C$7,$C$8) -> 0.0056863028 | L5: =J5+K5 -> 0.62182594 | M5: =J5-I5 -> 0 | N5: =L5-I5 -> 0.0056863028
A6: Service Time (Normal Distribution) | G6: 5 | H6: =$B$2+RAND()*($B$3-$B$2) -> 0.012982397 | I6: =I5+H6 -> 0.62912204 | J6: =IF(I6>L5,I6,L5) -> 0.62912204 | K6: =_xlfn.NORM.INV(RAND(),$C$7,$C$8) -> 0.0031371419 | L6: =J6+K6 -> 0.63225918 | M6: =J6-I6 -> 0 | N6: =L6-I6 -> 0.0031371419
A7: Mean | C7: ='B3'!J5 -> 0.0035185185 | G7: 6 | H7: =$B$2+RAND()*($B$3-$B$2) -> 0.0021915774 | I7: =I6+H7 -> 0.63131361 | J7: =IF(I7>L6,I7,L6) -> 0.63225918 | K7: =_xlfn.NORM.INV(RAND(),$C$7,$C$8) -> 0.0056046843 | L7: =J7+K7 -> 0.63786386 | M7: =J7-I7 -> 0.00094556456 | N7: =L7-I7 -> 0.0065502489
A8: Standard Deviation | C8: ='B3'!J6 -> 0.0015141474 | G8: 7 | H8: =$B$2+RAND()*($B$3-$B$2) -> 0.0041331504 | I8: =I7+H8 -> 0.63544676 | J8: =IF(I8>L7,I8,L7) -> 0.63786386 | K8: =_xlfn.NORM.INV(RAND(),$C$7,$C$8) -> 0.0069429764 | L8: =J8+K8 -> 0.64480684 | M8: =J8-I8 -> 0.0024170985 | N8: =L8-I8 -> 0.0093600749
G9: 8 | H9: =$B$2+RAND()*($B$3-$B$2) -> 0.014172942 | I9: =I8+H9 -> 0.6496197 | J9: =IF(I9>L8,I9,L8) -> 0.6496197 | K9: =_xlfn.NORM.INV(RAND(),$C$7,$C$8) -> 0.0016141722 | L9: =J9+K9 -> 0.65123388 | M9: =J9-I9 -> 0 | N9: =L9-I9 -> 0.0016141722
A10: Summary | G10: 9 | H10: =$B$2+RAND()*($B$3-$B$2) -> 0.013802659 | I10: =I9+H10 -> 0.66342236 | J10: =IF(I10>L9,I10,L9) -> 0.66342236 | K10: =_xlfn.NORM.INV(RAND(),$C$7,$C$8) -> 0.0044041567 | L10: =J10+K10 -> 0.66782652 | M10: =J10-I10 -> 0 | N10: =L10-I10 -> 0.0044041567
A11: Average Waiting Time | D11: =AVERAGE(M2:M31) -> 0.00044276333 | G11: 10 | H11: =$B$2+RAND()*($B$3-$B$2) -> 0.00024547428 | I11: =I10+H11 -> 0.66366784 | J11: =IF(I11>L10,I11,L10) -> 0.66782652 | K11: =_xlfn.NORM.INV(RAND(),$C$7,$C$8) -> 0.00090939743 | L11: =J11+K11 -> 0.66873592 | M11: =J11-I11 -> 0.0041586824 | N11: =L11-I11 -> 0.0050680799
A12: Average Service Time | D12: =AVERAGE(K2:K31) -> 0.0038095124 | G12: 11 | H12: =$B$2+RAND()*($B$3-$B$2) -> 0.012770575 | I12: =I11+H12 -> 0.67643841 | J12: =IF(I12>L11,I12,L11) -> 0.67643841 | K12: =_xlfn.NORM.INV(RAND(),$C$7,$C$8) -> 0.0040404444 | L12: =J12+K12 -> 0.68047886 | M12: =J12-I12 -> 0 | N12: =L12-I12 -> 0.0040404444
A13: Probability of Waiting | D13: =COUNTIF(M2:M31,">0")/COUNT(M2:M31) -> 0.20689655 | G13: 12 | H13: =$B$2+RAND()*($B$3-$B$2) -> 0.011441016 | I13: =I12+H13 -> 0.68787943 | J13: =IF(I13>L12,I13,L12) -> 0.68787943 | K13: =_xlfn.NORM.INV(RAND(),$C$7,$C$8) -> 0.0046761472 | L13: =J13+K13 -> 0.69255558 | M13: =J13-I13 -> 0 | N13: =L13-I13 -> 0.0046761472
A14: Average Interarrival time | D14: =AVERAGE(H2:H31) -> 0.0093203606 | G14: 13 | H14: =$B$2+RAND()*($B$3-$B$2) -> 0.0039749397 | I14: =I13+H14 -> 0.69185437 | J14: =IF(I14>L13,I14,L13) -> 0.69255558 | K14: =_xlfn.NORM.INV(RAND(),$C$7,$C$8) -> 0.0034858487 | L14: =J14+K14 -> 0.69604142 | M14: =J14-I14 -> 0.00070120744 | N14: =L14-I14 -> 0.0041870562
A15: Average Waiting Time for those Who Wait | D15: =AVERAGEIF(M1:M31,">0") -> 0.0021400228 | G15: 14 | H15: =$B$2+RAND()*($B$3-$B$2) -> 0.014278565 | I15: =I14+H15 -> 0.70613293 | J15: =IF(I15>L14,I15,L14) -> 0.70613293 | K15: =_xlfn.NORM.INV(RAND(),$C$7,$C$8) -> 0.0029951688 | L15: =J15+K15 -> 0.7091281 | M15: =J15-I15 -> 0 | N15: =L15-I15 -> 0.0029951688
A16: Average Time in System | D16: =AVERAGE(N2:N31) -> 0.004237517 | G16: 15 | H16: =$B$2+RAND()*($B$3-$B$2) -> 0.015613206 | I16: =I15+H16 -> 0.72174614 | J16: =IF(I16>L15,I16,L15) -> 0.72174614 | K16: =_xlfn.NORM.INV(RAND(),$C$7,$C$8) -> 0.0038211784 | L16: =J16+K16 -> 0.72556732 | M16: =J16-I16 -> 0 | N16: =L16-I16 -> 0.0038211784
G17: 16 | H17: =$B$2+RAND()*($B$3-$B$2) -> 0.0044915177 | I17: =I16+H17 -> 0.72623766 | J17: =IF(I17>L16,I17,L16) -> 0.72623766 | K17: =_xlfn.NORM.INV(RAND(),$C$7,$C$8) -> 0.0078346146 | L17: =J17+K17 -> 0.73407227 | M17: =J17-I17 -> 0 | N17: =L17-I17 -> 0.0078346146
G18: 17 | H18: =$B$2+RAND()*($B$3-$B$2) -> 0.012059091 | I18: =I17+H18 -> 0.73829675 | J18: =IF(I18>L17,I18,L17) -> 0.73829675 | K18: =_xlfn.NORM.INV(RAND(),$C$7,$C$8) -> 0.0048782798 | L18: =J18+K18 -> 0.74317503 | M18: =J18-I18 -> 0 | N18: =L18-I18 -> 0.0048782798
G19: 18 | H19: =$B$2+RAND()*($B$3-$B$2) -> 0.00044338039 | I19: =I18+H19 -> 0.73874013 | J19: =IF(I19>L18,I19,L18) -> 0.74317503 | K19: =_xlfn.NORM.INV(RAND(),$C$7,$C$8) -> 0.0038049956 | L19: =J19+K19 -> 0.74698002 | M19: =J19-I19 -> 0.0044348994 | N19: =L19-I19 -> 0.008239895
G20: 19 | H20: =$B$2+RAND()*($B$3-$B$2) -> 0.014290296 | I20: =I19+H20 -> 0.75303042 | J20: =IF(I20>L19,I20,L19) -> 0.75303042 | K20: =_xlfn.NORM.INV(RAND(),$C$7,$C$8) -> 0.00076978262 | L20: =J20+K20 -> 0.75380021 | M20: =J20-I20 -> 0 | N20: =L20-I20 -> 0.00076978262
G21: 20 | H21: =$B$2+RAND()*($B$3-$B$2) -> 0.012608665 | I21: =I20+H21 -> 0.76563909 | J21: =IF(I21>L20,I21,L20) -> 0.76563909 | K21: =_xlfn.NORM.INV(RAND(),$C$7,$C$8) -> 0.0046503277 | L21: =J21+K21 -> 0.77028942 | M21: =J21-I21 -> 0 | N21: =L21-I21 -> 0.0046503277
A22: start time | B22: 0.58333333 | G22: 21 | H22: =$B$2+RAND()*($B$3-$B$2) -> 0.010783971 | I22: =I21+H22 -> 0.77642306 | J22: =IF(I22>L21,I22,L21) -> 0.77642306 | K22: =_xlfn.NORM.INV(RAND(),$C$7,$C$8) -> 0.002016661 | L22: =J22+K22 -> 0.77843972 | M22: =J22-I22 -> 0 | N22: =L22-I22 -> 0.002016661
G23: 22 | H23: =$B$2+RAND()*($B$3-$B$2) -> 0.0097346336 | I23: =I22+H23 -> 0.78615769 | J23: =IF(I23>L22,I23,L22) -> 0.78615769 | K23: =_xlfn.NORM.INV(RAND(),$C$7,$C$8) -> 0.0037729486 | L23: =J23+K23 -> 0.78993064 | M23: =J23-I23 -> 0 | N23: =L23-I23 -> 0.0037729486
G24: 23 | H24: =$B$2+RAND()*($B$3-$B$2) -> 0.013129688 | I24: =I23+H24 -> 0.79928738 | J24: =IF(I24>L23,I24,L23) -> 0.79928738 | K24: =_xlfn.NORM.INV(RAND(),$C$7,$C$8) -> 0.0011189364 | L24: =J24+K24 -> 0.80040632 | M24: =J24-I24 -> 0 | N24: =L24-I24 -> 0.0011189364
G25: 24 | H25: =$B$2+RAND()*($B$3-$B$2) -> 0.011944742 | I25: =I24+H25 -> 0.81123212 | J25: =IF(I25>L24,I25,L24) -> 0.81123212 | K25: =_xlfn.NORM.INV(RAND(),$C$7,$C$8) -> 0.0048765322 | L25: =J25+K25 -> 0.81610866 | M25: =J25-I25 -> 0 | N25: =L25-I25 -> 0.0048765322
G26: 25 | H26: =$B$2+RAND()*($B$3-$B$2) -> 0.0051631209 | I26: =I25+H26 -> 0.81639525 | J26: =IF(I26>L25,I26,L25) -> 0.81639525 | K26: =_xlfn.NORM.INV(RAND(),$C$7,$C$8) -> 0.0035235788 | L26: =J26+K26 -> 0.81991882 | M26: =J26-I26 -> 0 | N26: =L26-I26 -> 0.0035235788
G27: 26 | H27: =$B$2+RAND()*($B$3-$B$2) -> 0.014880322 | I27: =I26+H27 -> 0.83127557 | J27: =IF(I27>L26,I27,L26) -> 0.83127557 | K27: =_xlfn.NORM.INV(RAND(),$C$7,$C$8) -> 0.0035881354 | L27: =J27+K27 -> 0.8348637 | M27: =J27-I27 -> 0 | N27: =L27-I27 -> 0.0035881354
G28: 27 | H28: =$B$2+RAND()*($B$3-$B$2) -> 0.01087991 | I28: =I27+H28 -> 0.84215548 | J28: =IF(I28>L27,I28,L27) -> 0.84215548 | K28: =_xlfn.NORM.INV(RAND(),$C$7,$C$8) -> 0.0039690535 | L28: =J28+K28 -> 0.84612453 | M28: =J28-I28 -> 0 | N28: =L28-I28 -> 0.0039690535
G29: 28 | H29: =$B$2+RAND()*($B$3-$B$2) -> 0.0068044128 | I29: =I28+H29 -> 0.84895989 | J29: =IF(I29>L28,I29,L28) -> 0.84895989 | K29: =_xlfn.NORM.INV(RAND(),$C$7,$C$8) -> 0.0031612219 | L29: =J29+K29 -> 0.85212111 | M29: =J29-I29 -> 0 | N29: =L29-I29 -> 0.0031612219
G30: 29 | H30: =$B$2+RAND()*($B$3-$B$2) -> 0.0029785377 | I30: =I29+H30 -> 0.85193843 | J30: =IF(I30>L29,I30,L29) -> 0.85212111 | K30: =_xlfn.NORM.INV(RAND(),$C$7,$C$8) -> 0.0031961626 | L30: =J30+K30 -> 0.85531727 | M30: =J30-I30 -> 0.00018268425 | N30: =L30-I30 -> 0.0033788468
G31: 30 | H31: =$B$2+RAND()*($B$3-$B$2) -> 0.011005724 | I31: =I30+H31 -> 0.86294415 | J31: =IF(I31>L30,I31,L30) -> 0.86294415 | K31: =_xlfn.NORM.INV(RAND(),$C$7,$C$8) -> 0.002009872 | L31: =J31+K31 -> 0.86495402 | M31: =J31-I31 -> 0 | N31: =L31-I31 -> 0.002009872
